Vendor ID,Vendor name,Commercial Type,Category,Location,City,Service Name,Service Category,Service Subcategory
817,Pro+Fit,cos,gyms,Kandivali West,mumbai,Yog Siddhi Workout (Group Activity),Fitness Studios,Combine Training
5570,Invigorate Xercise Dance And Fitness Ghatla,paid,Fitness Studios,Chembur East,mumbai,5 Days Weight Loss Package at Whizkids Ghatla ,Fitness Studios,Combine Training
4602,Sweat 2B Fit,paid,Fitness Studios,Indiranagar,bangalore,Group Activities,Fitness Studios,Combine Training
3193,Apple Fitness,free,gyms,Jaya Nagar,bangalore,Group Activities,Fitness Studios,Combine Training
2873,Work It Out Studio,free,Fitness Studios,Wanowrie,pune,Les Mills Group Workout Membership,Fitness Studios,Combine Training
3975,The Workouts,freespecial,Fitness Studios,Koramangala,bangalore,Studio Membership,Fitness Studios,Combine Training
4159,Bounce Fitness Studio,paid,gyms,Kalyan Nagar,bangalore,Zumba + Yoga + Aerobics,Fitness Studios,Combine Training
4180,Group EX Fitness Revolution,freespecial,Fitness Studios,Jaya Nagar,bangalore,Studio Membership,Fitness Studios,Combine Training
5125,Aptitude Resolution for Fitness,paid,Fitness Studios,Pitampura,delhi,Studio Membership,Fitness Studios,Combine Training
5353,Fitworx Studio,paid,Fitness Studios,Greater Kailash 2,delhi,Studio Membership,Fitness Studios,Combine Training
4307,Cult Tribe Indiranagar,paid,Fitness Studios,Indiranagar,bangalore,Club Membership,Fitness Studios,Combine Training
5070,Max Fitness Studio,cos,Fitness Studios,Dwarka,delhi,Combine Training ,Fitness Studios,Combine Training
2083,Param Yoga,free,yoga,Aundh,pune,P Cube Level 1,Fitness Studios,Combine Training
4929,Metabolikx Fitness,paid,Fitness Studios,Janakpuri,delhi,Studio Membership,Fitness Studios,Combine Training
4929,Metabolikx Fitness,paid,Fitness Studios,Janakpuri,delhi,Les Mills Body Combat,Fitness Studios,Combine Training
4929,Metabolikx Fitness,paid,Fitness Studios,Janakpuri,delhi,Hi Lo / Step,Fitness Studios,Combine Training
5516,Workout Fitness Centre,free,gyms,Greater Kailash 2,delhi,Fitness Studio all,Fitness Studios,Combine Training
5521,Fitnutz – The Complete Health Centre,free,gyms,Rohini,delhi,Fitness Studio,Fitness Studios,Combine Training
5525,Alee Club,free,Fitness Studios,Rohini,delhi,Fitness Studio,Fitness Studios,Combine Training
5655,Unleash Fitness,paid,Fitness Studios,BTM Layout,bangalore,Personal Training,Fitness Studios,Combine Training
5655,Unleash Fitness,paid,Fitness Studios,BTM Layout,bangalore,Unleash Run ,Fitness Studios,Combine Training
5574,Karma Gym,free,gyms,Pitampura,delhi,Fitness Studio,Fitness Studios,Combine Training
5600,Beyond Looks Fitness Forever,free,gyms,Greater Kailash 1,delhi,Gym,Fitness Studios,Combine Training
5634,Goodways Fitness,cos,gyms,Geeta Colony,delhi,Scientific Workout without Machines For Women,Fitness Studios,Combine Training
5638,Body Mantra Gym,free,gyms,Karol Bagh,delhi,Gym,Fitness Studios,Combine Training
5916,One Dream Fitness,free,dance,Geeta Colony,delhi,Combine Training ,Fitness Studios,Combine Training
5843,Personality Craze,free,zumba,CR Park,delhi,Fitness Studio,Fitness Studios,Combine Training
5444,Her Fitness,paid,Fitness Studios,Paschim Vihar,delhi,Ultimate Fitness Class (All Group Activities),Fitness Studios,Combine Training
6168,GoodLife Fitness,freespecial,gyms,Kalyan Nagar,bangalore,Gym Membership All Inclusive Package,Fitness Studios,Combine Training
6082,Bliss Fitness and Dance Studio,paid,Fitness Studios,CBD Belapur,mumbai,Combine Workout (Ladies),Fitness Studios,Combine Training
2501,Bliss Fitness,cos,Fitness Studios,Kharghar,mumbai,Combine Workout,Fitness Studios,Combine Training
3977,Goodlife Fitness,freespecial,gyms,Indiranagar,bangalore,Group Activities,Fitness Studios,Combine Training
3977,Goodlife Fitness,freespecial,gyms,Indiranagar,bangalore,Gym + Group Activities,Fitness Studios,Combine Training
5655,Unleash Fitness,paid,Fitness Studios,BTM Layout,bangalore,Suresh Special,Fitness Studios,Combine Training
2845,Mickey Mehta 360° Wellness Temple,paid,Fitness Studios,Koregaon Park,pune,Yo Workout,Fitness Studios,Combine Training
3980,Vriddhi,free,Fitness Studios,Jaya Nagar,bangalore,Shuffle,Fitness Studios,Combine Training
4417,BECS Wellness and Fitness Center,paid,Fitness Studios,Kondhwa,pune,Ultimate Fitness Package,Fitness Studios,Combine Training
616,SDWM Shirishs Dancing and Fitness Studio,paid,Fitness Studios,Juhu,mumbai,Personal Training,Fitness Studios,Combine Training
4059,Fitness Time Frazer Town,paid,gyms,Frazer Town,bangalore,Gym + Group Activties,Fitness Studios,Combine Training
4059,Fitness Time Frazer Town,paid,gyms,Frazer Town,bangalore,Combo MMA + Gym,Fitness Studios,Combine Training
4059,Fitness Time Frazer Town,paid,gyms,Frazer Town,bangalore,Combo Gym + DMF,Fitness Studios,Combine Training
1828,P40X Fitness Studio,paid,cross functional training,FC Road,pune,Combinational Training (Cardio, Strength Training & Yoga programme),Fitness Studios,Combine Training
6491,Sn Fitness Studio,freespecial,Fitness Studios,Sushant Lok 1,gurgaon,Fitness Workouts,Fitness Studios,Combine Training
6496,Zink Fitness Studio,free,dance,Sushant Lok 1,gurgaon,Fitness Workouts,Fitness Studios,Combine Training
6505,Beyond Fitness,free,gyms,South City-1,gurgaon,Fitness Activities,Fitness Studios,Combine Training
1754,Khuman Dance Yoga Fitness Studio,paid,zumba,Mumbai Central,mumbai,Fitness Studio,Fitness Studios,Combine Training
6516,Lakshya Dance Unlimited,cos,dance,DLF Phase 1,gurgaon,Studio Membership,Fitness Studios,Combine Training
6523,ADC N Fitness Studio,free,Fitness Studios,Chembur East,mumbai,Combine Training,Fitness Studios,Combine Training
1334,Leena Mogre's Fitness - Mahim,free,gyms,Mahim,mumbai,Fitness,Fitness Studios,Combine Training
6622,Kapil's Total Fitness,free,Fitness Studios,Andheri West,mumbai,Combine Training,Fitness Studios,Combine Training
6638,Sri Sai Arts Academy,free,Fitness Studios,DLF Phase 3,gurgaon,Sri Sai Arts Academy,Fitness Studios,Combine Training
6679,Om Sai Dance and Fitness Studio,free,Fitness Studios,Shivaji Nagar,gurgaon,Om sai dance and fitness studio,Fitness Studios,Combine Training
6681,Fitness 365,paid,gyms,Kothrud,pune,Gym Membership (Gold),Fitness Studios,Combine Training
5655,Unleash Fitness,paid,Fitness Studios,BTM Layout,bangalore,Agility,Fitness Studios,Combine Training
5655,Unleash Fitness,paid,Fitness Studios,BTM Layout,bangalore,Unleash High (Strength Training),Fitness Studios,Combine Training
5655,Unleash Fitness,paid,Fitness Studios,BTM Layout,bangalore,ABS Blaster,Fitness Studios,Combine Training
1660,U K Fitness,free,yoga,Andheri East,mumbai,Combine Training,Fitness Studios,Combine Training
1709,Krunal Desai,free,personal trainers,Andheri East,mumbai,Combine Training,Fitness Studios,Combine Training
722,Well n Trim,cos,Fitness Studios,Andheri West,mumbai,Combine Training,Fitness Studios,Combine Training
6727,S N Fitness Studio,free,yoga,Sushant Lok 1,gurgaon,Fitness Studio,Fitness Studios,Combine Training
6730,Ista Wellness and Fitness,freespecial,Fitness Studios,Palam Vihar,gurgaon,Gym Workout,Fitness Studios,Combine Training
6707,99 Rhythm and Fitness Studio,cos,Fitness Studios,Goregaon West,mumbai,Combine Training ,Fitness Studios,Combine Training
252,Puja's Yoga Classes,free,Fitness Studios,Dahisar,mumbai,Combine Training,Fitness Studios,Combine Training
2291,Soul Fitness Solution,free,Fitness Studios,Dadar,mumbai,Combine Training at Dadar,Fitness Studios,Combine Training
6044,Studio 5 Aerobic Center,paid,Fitness Studios,Vashi,mumbai,1 Month Weight Loss Program - 3kg,Fitness Studios,Combine Training
6044,Studio 5 Aerobic Center,paid,Fitness Studios,Vashi,mumbai,3 Month Weight Loss Program - 6kg,Fitness Studios,Combine Training
6044,Studio 5 Aerobic Center,paid,Fitness Studios,Vashi,mumbai,6 Month Weight Loss Program - 9kg,Fitness Studios,Combine Training
6044,Studio 5 Aerobic Center,paid,Fitness Studios,Vashi,mumbai,1 Year Weight Loss Program - 12kg,Fitness Studios,Combine Training
6820,Prince FitOrbit,paid,Fitness Studios,Seawoods,mumbai,Adults Fitness,Fitness Studios,Combine Training
2223,Health Mantra Fitness,paid,gyms,Pimpri Chinchwad,pune,Aerobics + Zumba + Yoga,Fitness Studios,Combine Training
6852,Spectrum Activity Hub,free,Fitness Studios,Rajeev Nagar,gurgaon,Fitness Studio,Fitness Studios,Combine Training
6419,Downtown Studio,cos,Fitness Studios,Goregaon West,mumbai,Full Package,Fitness Studios,Combine Training
2232,Slimwell Health Club And Manufacturers,free,Fitness Studios,Mahim,mumbai,Combine Training,Fitness Studios,Combine Training
1711,Fitness Pitch Studio,paid,Fitness Studios,Ghatkopar East,mumbai,Signature Workouts,Fitness Studios,Combine Training
2869,Functional Fitness Group,freespecial,Fitness Studios,Magarpatta,pune,Combine Training ( Gymnastics, Parkour, Calesthenics) at Magarpatta,Fitness Studios,Combine Training
6875,Soul Fitness Solution,free,Fitness Studios,Matunga East,mumbai,Combine Training,Fitness Studios,Combine Training
894,Neenu Khanna,free,yoga,Powai,mumbai,Combine Training ,Fitness Studios,Combine Training
6874,Studio Blocks,freespecial,Fitness Studios,Juhu,mumbai,Studio Membership,Fitness Studios,Combine Training
920,Studio Rhythm Dance Class,free,Fitness Studios,Chembur East,mumbai,Combine Training,Fitness Studios,Combine Training
6901,Socio Fitness,paid,Fitness Studios,Bannerghatta Road,bangalore,Studio Membership,Fitness Studios,Combine Training
6422,Healthy Active Lifestyle Center,paid,Fitness Studios,Malad West,mumbai,Studio Memebership,Fitness Studios,Combine Training
1677,The Soul Studio,paid,Fitness Studios,Lokhandwala,mumbai,Studio Membership,Fitness Studios,Combine Training
2776,Swapnils Dance Studio,paid,dance,Wakad,pune,Transformation membership,Fitness Studios,Combine Training
6210,Crush Fitness,paid,dance,Greater Kailash 2,delhi,iFitness,Fitness Studios,Combine Training
6210,Crush Fitness,paid,dance,Greater Kailash 2,delhi,Mantan The Fitness Lounge - Pilates ,Fitness Studios,Combine Training
6210,Crush Fitness,paid,dance,Greater Kailash 2,delhi,Elemention Gym - Crush Club,Fitness Studios,Combine Training
6963,SetFit Gym,paid,gyms,Sinhagad Road,pune,Mix Group Classes,Fitness Studios,Combine Training
6210,Crush Fitness,paid,dance,Greater Kailash 2,delhi,Mantan The Fitness Lounge - Crush Combat ,Fitness Studios,Combine Training
6210,Crush Fitness,paid,dance,Greater Kailash 2,delhi,Mantan The Fitness Lounge - Club Cardio ,Fitness Studios,Combine Training
6210,Crush Fitness,paid,dance,Greater Kailash 2,delhi,Fitness Fusion ,Fitness Studios,Combine Training
6210,Crush Fitness,paid,dance,Greater Kailash 2,delhi,Ministry of Fitness,Fitness Studios,Combine Training
6989,Fit Box Studio,free,Fitness Studios,Kothrud,pune,Strength Training,Fitness Studios,Combine Training
6998,Alpha Fit Academy,free,Fitness Studios,NIBM,pune,Fitness Course Membership ,Fitness Studios,Combine Training
7001,BIO Fitness : Bring It On,cos,Fitness Studios,NIBM,pune,Combined Training ,Fitness Studios,Combine Training
1829,Transform Wellness and Fitness,paid,Fitness Studios,Kalyani Nagar,pune,Combine Training,Fitness Studios,Combine Training
7012,Her Fitness,paid,Fitness Studios,Rajouri Garden,delhi,Ultimate Fitness Class,Fitness Studios,Combine Training
7013,Her Fitness,paid,Fitness Studios,Vikaspuri,delhi,Studio Membership,Fitness Studios,Combine Training
3524,Ladies Fitness Center,free,yoga,Dadar,mumbai,Ladies Fitness Centre,Fitness Studios,Combine Training
7017,Crush Fitness at Metabolikx,paid,Fitness Studios,Janakpuri,delhi,Studio Membership with Unlimited Classes,Fitness Studios,Combine Training
7024,MAS Gym The Empire of Fitness,paid,gyms,Mira Road East,mumbai,Kickboxing,Fitness Studios,Combine Training
7032,Parindis Fitness Hub,paid,Fitness Studios,Ghatkopar East,mumbai,Combination Workout,Fitness Studios,Combine Training
2001,Flames School of Dance,free,dance,Senapati Bapat Road,pune,Gymnastics (Adults),Fitness Studios,Combine Training
7054,Level 6 Gym,paid,gyms,Chembur West,mumbai,Group X,Fitness Studios,Combine Training
5570,Invigorate Xercise Dance And Fitness Ghatla,paid,Fitness Studios,Chembur East,mumbai,Zumba at Muscle Talk,Fitness Studios,Combine Training
6681,Fitness 365,paid,gyms,Kothrud,pune,Gym Membership (Platinum),Fitness Studios,Combine Training
6681,Fitness 365,paid,gyms,Kothrud,pune,Gym Membership (Silver),Fitness Studios,Combine Training
721,Well n Trim,cos,Fitness Studios,Churchgate,mumbai,Combine Training,Fitness Studios,Combine Training
7153,Well n Trim,cos,Fitness Studios,Dadar,mumbai,Combine Training,Fitness Studios,Combine Training
4253,Infinity Fitness Studio,free,Fitness Studios,Banashankari,bangalore,Studio Membership,Fitness Studios,Combine Training
3784,Cadenza Dance And Music Academy,paid,dance,Whitefield,bangalore,Personal Fitness,Fitness Studios,Combine Training
7012,Her Fitness,paid,Fitness Studios,Rajouri Garden,delhi,Kick Boxing/Body Pump,Fitness Studios,Combine Training
5477,Studio Raas,free,dance,South Ex Part 1,delhi,Morning Fitness,Fitness Studios,Combine Training
1913,Silver Fitness Club,freespecial,Fitness Studios,Chinchwad,pune,Group Activity Membership ( Yoga + Zumba + Aerobics + Bollywood ),Fitness Studios,Combine Training
5275,Say Fitness,paid,Fitness Studios,Lajpat Nagar,delhi,Complete Fitness Package,Fitness Studios,Combine Training
7213,Ista Wellness and Fitness,freespecial,Fitness Studios,Sector 23,gurgaon,Studio Membership,Fitness Studios,Combine Training
5084,Paipa Pradeep Adwanis Institute For Performing Art,cos,dance,Lajpat Nagar,delhi,Studio Membership,Fitness Studios,Combine Training
5570,Invigorate Xercise Dance And Fitness Ghatla,paid,Fitness Studios,Chembur East,mumbai,Combine Training at Whizkids Ghatla,Fitness Studios,Combine Training
5681,Gold's Gym,paid,gyms,East Of Kailash,delhi,Stretch Fit,Fitness Studios,Combine Training
6939,Slimwell,paid,gyms,Mahim,mumbai,TAG (Ladies),Fitness Studios,Combine Training
5703,Evolve - Truth In Fitness,free,gyms,Safdurjung Enclave,delhi,Group Activities,Fitness Studios,Combine Training
7300,Yphoria,freespecial,Fitness Studios,Kalyani Nagar,pune,Fitness Package ( Yoga + Cross Functional ),Fitness Studios,Combine Training
7301,Yphoria Viman Nagar,paid,yoga,Viman Nagar,pune,Fitness Package (Yoga+Cross Functional),Fitness Studios,Combine Training
6548,Absolutions Fitness Company,freespecial,gyms,DLF Phase 4,gurgaon,Combine Training,Fitness Studios,Combine Training
6054,Funrobics,cos,Fitness Studios,Pimple Saudagar,pune,Studio Membership,Fitness Studios,Combine Training
7125,Dance Artz,cos,dance,GTB Nagar,delhi,Studio Membership,Fitness Studios,Combine Training
7149,Turnsteps Workout Studio,free,Fitness Studios,Rajouri Garden,delhi,Combine Training ,Fitness Studios,Combine Training
4088,D4U,paid,dance,Sarjapur Road,bangalore,Studio Membership,Fitness Studios,Combine Training
4902,The Revolution,freespecial,gyms,Dilshad Garden,delhi,Steam Bath,Fitness Studios,Combine Training
4902,The Revolution,freespecial,gyms,Dilshad Garden,delhi,Detoxification ,Fitness Studios,Combine Training
4902,The Revolution,freespecial,gyms,Dilshad Garden,delhi,Thermal Therapy,Fitness Studios,Combine Training
6882,The Hood,freespecial,Fitness Studios,Marathahalli,bangalore,Studio Membership,Fitness Studios,Combine Training
7295,REPS - A Personal Fitness Studio by Dinesh,freespecial,Fitness Studios,Gujranwala,delhi,Fitness Studio (Personal Training),Fitness Studios,Combine Training
7325,Group Ex,freespecial,Fitness Studios,Frazer Town,bangalore,Group Activities,Fitness Studios,Combine Training
4876,Turnsteps Workout Studio,cos,Fitness Studios,Vikaspuri,delhi,Combine Training,Fitness Studios,Combine Training
7330,SWEAT GROUP EX,paid,Fitness Studios,Sahakara Nagar,bangalore,Studio Membership,Fitness Studios,Combine Training
7336,Tribe Fitness,paid,Fitness Studios,Whitefield,bangalore,Club Membership,Fitness Studios,Combine Training
1825,Lifepro Fitness Club,freespecial,gyms,Pashan,pune,Group Activities ,Fitness Studios,Combine Training
2093,Just Knock 4 Dance Academy,paid,Fitness Studios,Pimple Saudagar,pune,Fitness Package,Fitness Studios,Combine Training
521,Body Basics,free,gyms,Borivali West,mumbai,Combine Training,Fitness Studios,Combine Training
7341,Mickey Mehtas 360 Wellness Temple,paid,Fitness Studios,Vile Parle West,mumbai,Combined Workout ,Fitness Studios,Combine Training
6894,Vivafit (Women Only),cos,Fitness Studios,DLF Phase 4,gurgaon,Studio Membership,Fitness Studios,Combine Training
2799,Fitness Empire,cos,gyms,Chinchwad,pune,Group Activities,Fitness Studios,Combine Training
3972,Hyper Monkey Fitness,paid,Fitness Studios,Koramangala,bangalore,Studio Membership,Fitness Studios,Combine Training
7350,Latino Rhythms Dance Academy,freespecial,Fitness Studios,Koramangala,bangalore,Studio Membership,Fitness Studios,Combine Training
1766,Tangerine Arts Studio,paid,Fitness Studios,Bandra West,mumbai,'Boot'ique membership by Urmi Kothari of Kinetic Living,Fitness Studios,Combine Training
7359,Vivafit (Women Only),cos,Fitness Studios,Greater Kailash 2,delhi,Studio Membership ,Fitness Studios,Combine Training
7359,Vivafit (Women Only),cos,Fitness Studios,Greater Kailash 2,delhi,Les Mills BodyVive,Fitness Studios,Combine Training
7359,Vivafit (Women Only),cos,Fitness Studios,Greater Kailash 2,delhi,Functional Training,Fitness Studios,Combine Training
6961,Versatile Fitness Club,freespecial,gyms,Kharadi,pune,Group Activity Membership,Fitness Studios,Combine Training
1677,The Soul Studio,paid,Fitness Studios,Lokhandwala,mumbai,Electric Cardio,Fitness Studios,Combine Training
1677,The Soul Studio,paid,Fitness Studios,Lokhandwala,mumbai,Story Telling and Listening Skills,Fitness Studios,Combine Training
1704,Reebok Fitness Studio,paid,Fitness Studios,Khar West,mumbai,Combine Training,Fitness Studios,Combine Training
6518,The Yoga Gallery,paid,yoga,Juhu,mumbai,Studio Membership,Fitness Studios,Combine Training
7375,Vivafit (Women Only),cos,Fitness Studios,Sector 45,gurgaon,Studio Membership,Fitness Studios,Combine Training
7314,Just Knock 4 Dance,paid,dance,Pimpri,pune,Fitness Package,Fitness Studios,Combine Training
1829,Transform Wellness and Fitness,paid,Fitness Studios,Kalyani Nagar,pune,Gym + Group Activities,Fitness Studios,Combine Training
2869,Functional Fitness Group,freespecial,Fitness Studios,Magarpatta,pune,Combine Training (Gymnastics, Calesthenic & parkour ) at Deccan,Fitness Studios,Combine Training
7376,DS Health and Wellness,free,gyms,Seawoods,mumbai,Combine Training - Only for  Ladies,Fitness Studios,Combine Training
1671,Waves Gym,paid,gyms,Lokhandwala,mumbai,Aero Pilates,Fitness Studios,Combine Training
1671,Waves Gym,paid,gyms,Lokhandwala,mumbai,Studio Cycling,Fitness Studios,Combine Training
1671,Waves Gym,paid,gyms,Lokhandwala,mumbai,Studio Pass,Fitness Studios,Combine Training
7319,Planet Health LifeStyle Fitness Studio,paid,gyms,Andheri East,mumbai,MMA/TRX,Fitness Studios,Combine Training
5081,The Pilates Studio at Lodhi,freespecial,pilates,Lodhi Road,delhi,Pilates and TRX by David,Fitness Studios,Combine Training
5081,The Pilates Studio at Lodhi,freespecial,pilates,Lodhi Road,delhi,Pilates and TRX by Sarfaraz,Fitness Studios,Combine Training
5081,The Pilates Studio at Lodhi,freespecial,pilates,Lodhi Road,delhi,Pilates and TRX by Uday,Fitness Studios,Combine Training
7319,Planet Health LifeStyle Fitness Studio,paid,gyms,Andheri East,mumbai,Studio Pass,Fitness Studios,Combine Training
1504,Naina Yoga House,paid,personal trainers,Andheri West,mumbai,Combine Training,Fitness Studios,Combine Training
5327,Samsaara Fitness Figure,paid,Fitness Studios,Pitampura,delhi,Studio Membership,Fitness Studios,Combine Training
7329,Dance with Pamela Alfaro,freespecial,dance,Kalyani Nagar,pune,Stretching (Adults),Fitness Studios,Combine Training
7329,Dance with Pamela Alfaro,freespecial,dance,Kalyani Nagar,pune,Stretching,Fitness Studios,Combine Training
7421,Sherwin Fitness Studio,free,Fitness Studios,Andheri East,mumbai,Combine Training(Zumba,Aerobics,Yoga,Pilates & Bootcamp),Fitness Studios,Combine Training
6988,Crush Fitness at iFitness,paid,gyms,Green Park,delhi,Gym membership + Unlimited classes,Fitness Studios,Combine Training
6991,Crush Fitness at Mantan,paid,Fitness Studios,Chattarpur,delhi,Gym membership + Unlimited Group Classes,Fitness Studios,Combine Training
6991,Crush Fitness at Mantan,paid,Fitness Studios,Chattarpur,delhi,Unlimited Group Classes,Fitness Studios,Combine Training
2852,Mickey Mehta 360° Wellness Temple Devidas Extension Road,free,Fitness Studios,Borivali West,mumbai,YO WORKOUT,Fitness Studios,Combine Training
6680,My Fitness Kapsule,paid,Fitness Studios,Dwarka,delhi,Fitness Workout,Fitness Studios,Combine Training
4915,Elite Fitness Gym And Spa,freespecial,gyms,Malviya Nagar,delhi,Group Activities,Fitness Studios,Combine Training
3209,Vivafit For Women,free,Fitness Studios,HSR Layout,bangalore,Studio Membership,Fitness Studios,Combine Training
6090,Hardcores,free,Fitness Studios,Mira Road East,mumbai,HardCrobics,Fitness Studios,Combine Training
5505,Lifestyle Swim and Gym,freespecial,gyms,Vasant Vihar,delhi,Fitness Studio,Fitness Studios,Combine Training
4209,Trihedron,paid,gyms,Padmanabhanagar,bangalore,Yoga+Aerobics+Dance,Fitness Studios,Combine Training
4041,GROUP EX FITNESS CLUB,paid,Fitness Studios,R.T. Nagar,bangalore,Suspension fit,Fitness Studios,Combine Training
4041,GROUP EX FITNESS CLUB,paid,Fitness Studios,R.T. Nagar,bangalore,Metabolic Fit,Fitness Studios,Combine Training
4041,GROUP EX FITNESS CLUB,paid,Fitness Studios,R.T. Nagar,bangalore,Kombat Fit,Fitness Studios,Combine Training
5421,ALS FITNESS CENTRE,free,gyms,Malviya Nagar,delhi,Fitness Studio,Fitness Studios,Combine Training
6561,Fine Fitness,free,gyms,Kandivali West,mumbai,Fitness Activity,Fitness Studios,Combine Training
6670,Sachin Dance Studio,paid,dance,Thane West,mumbai,Combine Training,Fitness Studios,Combine Training
5986,Cult The Workout Station,paid,Fitness Studios,Sarjapur Road,bangalore,Strength and Conditioning,Fitness Studios,Combine Training
5986,Cult The Workout Station,paid,Fitness Studios,Sarjapur Road,bangalore,Sports Conditioning,Fitness Studios,Combine Training
5986,Cult The Workout Station,paid,Fitness Studios,Sarjapur Road,bangalore,Power Stretching,Fitness Studios,Combine Training
5740,Transform Gym,freespecial,gyms,Rajouri Garden,delhi,Group Activities,Fitness Studios,Combine Training
5743,Gold's Gym,paid,gyms,Dwarka,delhi,Aerobics+Zumba,Fitness Studios,Combine Training
6165,Fitt Zzone,free,gyms,Lokhandwala,mumbai,Group-ex Training(Power Yoga, Kick Boxing, Zumba and Aerobics),Fitness Studios,Combine Training
5597,i-fitness,free,Fitness Studios,Green Park,delhi,Package,Fitness Studios,Combine Training
5641,One Dream Fitness,free,Fitness Studios,Mayur Vihar Phase 1,delhi,Fitness Studio ,Fitness Studios,Combine Training
5635,Oxide Gym,paid,gyms,Patparganj,delhi,Group Activities (Ladies),Fitness Studios,Combine Training
7492,AB yoga wellness and Fitness center,free,Fitness Studios,Dadar,mumbai,Combine Training,Fitness Studios,Combine Training
7526,Shilpa's Dance Academy,cos,aerobics,Pimpri,pune,Aerobics,Fitness Studios,Combine Training
7584,Anjul's The Lifestyle Club,paid,Fitness Studios,Thane West,mumbai,Combine Training - Unisex,Fitness Studios,Combine Training
7595,Jog and Twist,freespecial,Fitness Studios,Vikaspuri,delhi,Combine Training,Fitness Studios,Combine Training
6188,Vivafit Pune,paid,Fitness Studios,Camp,pune,Vivafit Classes (Only for Ladies),Fitness Studios,Combine Training
5327,Samsaara Fitness Figure,paid,Fitness Studios,Pitampura,delhi,Gymnastics,Fitness Studios,Combine Training
3382,Studio One Eighty Nine- By BreakBeat Dance Co.,paid,Fitness Studios,Tardeo,mumbai,Fitness Studio,Fitness Studios,Combine Training
2131,Zeus Fitness Zone,free,gyms,Karvenagar,pune,Club Membership,Fitness Studios,Combine Training
561,Rubiinus Fitness and Spa,paid,gyms,Kandivali West,mumbai,Group X Activities,Fitness Studios,Combine Training
2131,Zeus Fitness Zone,free,gyms,Karvenagar,pune,Weight Management (Weight Loss),Fitness Studios,Combine Training
2131,Zeus Fitness Zone,free,gyms,Karvenagar,pune,Weight Gain,Fitness Studios,Combine Training
7668,Moving Body,paid,Fitness Studios,Banashankari,bangalore,Express Workout,Fitness Studios,Combine Training
1969,Nj's Fitness Center,cos,gyms,Pimple Saudagar,pune,Combo Package(CPF Aerobics and Yoga),Fitness Studios,Combine Training
1711,Fitness Pitch Studio,paid,Fitness Studios,Ghatkopar East,mumbai,Signature Workouts - TTS,Fitness Studios,Combine Training
725,Nilesh Parab's Fitness 1st,free,gyms,Ghatkopar West,mumbai,Complete Health Care Fitness,Fitness Studios,Combine Training
1242,Arpitas Step Up India,paid,Fitness Studios,Vile Parle East,mumbai,Zumba - Pilates - Power Yoga by Vaishali,Fitness Studios,Combine Training
7029,Target Fitness,paid,Fitness Studios,BEL Road,bangalore,Freestyle Fitness,Fitness Studios,Combine Training
7029,Target Fitness,paid,Fitness Studios,BEL Road,bangalore,Flexibility with Chinmay,Fitness Studios,Combine Training
7029,Target Fitness,paid,Fitness Studios,BEL Road,bangalore,Toning,Fitness Studios,Combine Training
3191,Finix Fitness Studio,paid,gyms,Jeevan Bheema Nagar,bangalore,Summer Camp,Fitness Studios,Combine Training
7724,X Fitt,paid,Fitness Studios,Vile Parle East,mumbai,X F Group Training,Fitness Studios,Combine Training
7056,Art Storm,paid,Fitness Studios,Bellandur,bangalore,Summer Camp for Kids,Fitness Studios,Combine Training
7008,The Republic of Fitness,freespecial,gyms,Jaya Nagar,bangalore,Outdoor Workout,Fitness Studios,Combine Training
3620,a1000 Yoga Whitefield,cos,yoga,Whitefield,bangalore,Studio Membership,Fitness Studios,Combine Training
5898,Revolution,free,Fitness Studios,Marine Lines,mumbai,Studio Pass,Fitness Studios,Combine Training
3618,a1000 Yoga Koramangala,cos,yoga,Koramangala,bangalore,Studio Membership,Fitness Studios,Combine Training
6933,a1000 Yoga J.P nagar,cos,yoga,J P Nagar,bangalore,Studio Membership,Fitness Studios,Combine Training
7434,a1000 Yoga,cos,yoga,Bellandur,bangalore,Studio Membership,Fitness Studios,Combine Training
7757,Joy Danzzz and Body Combat,cos,Fitness Studios,Sector 56,gurgaon,Studio Membership,Fitness Studios,Combine Training
4818,Gold's Gym Richmond Road,freespecial,gyms,Richmond Road,bangalore,Body Balance,Fitness Studios,Combine Training
7766,Shilpkar Fitness,free,Fitness Studios,Goregaon East,mumbai,Combine Training,Fitness Studios,Combine Training
4291,Dance 360,paid,dance,Banaswadi,bangalore,Ladies Fitness,Fitness Studios,Combine Training
4291,Dance 360,paid,dance,Banaswadi,bangalore,Kids Fitness,Fitness Studios,Combine Training
7783,Pink Iron Fitness And Music Studio,free,dance,Tagore Garden,delhi,Pink Iron Fitness And Music Studio,Fitness Studios,Combine Training
7804,Brenda's Fitness Edge,paid,Fitness Studios,Sanpada,mumbai,Combined Training,Fitness Studios,Combine Training
7806,Neha's Nutrifit Clinic,free,Fitness Studios,Tardeo,mumbai,Personalised Fitness Activity,Fitness Studios,Combine Training
7821,4ever Fitness Club,free,gyms,Sadashiva Nagar,bangalore,4ever Fitness Club all,Fitness Studios,Combine Training
7839,Poojas Fitness Studio,free,Fitness Studios,Bandra West,mumbai,Combine Training,Fitness Studios,Combine Training
7852,Tag Fitness Studio,free,Fitness Studios,Andheri West,mumbai,Combine Training,Fitness Studios,Combine Training
2873,Work It Out Studio,free,Fitness Studios,Wanowrie,pune,Studio Membership,Fitness Studios,Combine Training
1711,Fitness Pitch Studio,paid,Fitness Studios,Ghatkopar East,mumbai,Power Yoga + Pilates,Fitness Studios,Combine Training
5746,Anytime Fitness at Rajouri Garden,paid,gyms,Rajouri Garden,delhi,Group Activities (Aerobics+Yoga+Crossfit),Fitness Studios,Combine Training
7446,OM Studio,paid,Fitness Studios,Shivaji Nagar,pune,Pilates+Yoga,Fitness Studios,Combine Training
424,JG's Fitness Centre,paid,Fitness Studios,Santacruz West,mumbai,Rehab Program,Fitness Studios,Combine Training
4837,Surfset Fitness,paid,cross functional training,Santacruz West,mumbai,Surfset,Fitness Studios,Combine Training
900,The Body Craft House,paid,Fitness Studios,Khar West,mumbai,Combo ( Zumba+Pilates+Functional training ),Fitness Studios,Combine Training
900,The Body Craft House,paid,Fitness Studios,Khar West,mumbai,Combo (Power Yoga and Pilates),Fitness Studios,Combine Training
900,The Body Craft House,paid,Fitness Studios,Khar West,mumbai,Power Yoga+Functional Training+Yogalates,Fitness Studios,Combine Training
900,The Body Craft House,paid,Fitness Studios,Khar West,mumbai,Combo Workout,Fitness Studios,Combine Training
7898,Apple Fitness,free,gyms,Indiranagar,bangalore,Group Activities,Fitness Studios,Combine Training
2169,Slimwell Fitness Studio (Only for Women),paid,Fitness Studios,Kothrud,pune,Fun Floor,Fitness Studios,Combine Training
3382,Studio One Eighty Nine- By BreakBeat Dance Co.,paid,Fitness Studios,Tardeo,mumbai,Zumba+Yoga+Pilates,Fitness Studios,Combine Training
3382,Studio One Eighty Nine- By BreakBeat Dance Co.,paid,Fitness Studios,Tardeo,mumbai,Capoeira+Kickboxing+MMA+Zumba,Fitness Studios,Combine Training
3382,Studio One Eighty Nine- By BreakBeat Dance Co.,paid,Fitness Studios,Tardeo,mumbai,Multiple Sessions,Fitness Studios,Combine Training
3382,Studio One Eighty Nine- By BreakBeat Dance Co.,paid,Fitness Studios,Tardeo,mumbai,Studio Pass,Fitness Studios,Combine Training
6047,Delhi Rock,paid,Fitness Studios,Greater Kailash 2,delhi,MiliFit,Fitness Studios,Combine Training
6213,Fitness Groovee,paid,Fitness Studios,Pitampura,delhi,Studio Membership,Fitness Studios,Combine Training
5303,Celebrity Fitness Club,paid,gyms,Rajouri Garden,delhi,ABT,Fitness Studios,Combine Training
5303,Celebrity Fitness Club,paid,gyms,Rajouri Garden,delhi,Fast Fit,Fitness Studios,Combine Training
5303,Celebrity Fitness Club,paid,gyms,Rajouri Garden,delhi,Fun Step,Fitness Studios,Combine Training
5303,Celebrity Fitness Club,paid,gyms,Rajouri Garden,delhi,Power Balance,Fitness Studios,Combine Training
6796,Celebrity Fitness India,paid,gyms,MG Road,gurgaon,ABT,Fitness Studios,Combine Training
6796,Celebrity Fitness India,paid,gyms,MG Road,gurgaon,Fun Step,Fitness Studios,Combine Training
6796,Celebrity Fitness India,paid,gyms,MG Road,gurgaon,KFIT,Fitness Studios,Combine Training
6796,Celebrity Fitness India,paid,gyms,MG Road,gurgaon,Power Balance,Fitness Studios,Combine Training
6796,Celebrity Fitness India,paid,gyms,MG Road,gurgaon,Fast Fit Metabolic Conditioning,Fitness Studios,Combine Training
8102,Edge Fitness,free,Fitness Studios,Ashok Nagar,bangalore,Studio Membership,Fitness Studios,Combine Training
8217,Wonderise,paid,Fitness Studios,Worli,mumbai,Early Bird Special - Only Pass,Fitness Studios,Combine Training
8217,Wonderise,paid,Fitness Studios,Worli,mumbai,Early Bird Special - Pass + Breakfast,Fitness Studios,Combine Training
8217,Wonderise,paid,Fitness Studios,Worli,mumbai,Only Pass,Fitness Studios,Combine Training
8217,Wonderise,paid,Fitness Studios,Worli,mumbai,Pass + Breakfast,Fitness Studios,Combine Training
4742,Arts In Motion,paid,Fitness Studios,Khar West,mumbai,Tribal Combat Fitness,Fitness Studios,Combine Training
7697,TORBA,paid,Fitness Studios,Santacruz West,mumbai,Fusion Fitness,Fitness Studios,Combine Training
484,J J Skaters,free,sports,Mumbai Central,mumbai,Private group class skating,Fitness Studios,Combine Training
484,J J Skaters,free,sports,Mumbai Central,mumbai,Skate School lessons ,Fitness Studios,Combine Training
4878,Fitwell Mantra,paid,gyms,CR Park,delhi,Studio Membership,Fitness Studios,Combine Training
980,The Resort Hotel,paid,Luxury Hotels,Malad West,mumbai,Club House Membership,Fitness Studios,Combine Training
8534,Exerholic,freespecial,Fitness Studios,Anand Vihar,delhi,Studio Membership,Fitness Studios,Combine Training
8546,CrossFit BPC (TFF),paid,cross functional training,Goregaon West,mumbai,Group X Activities,Fitness Studios,Combine Training
6541,Genisis Gymzaaal,free,Fitness Studios,Goregaon East,mumbai,Studio Membership,Fitness Studios,Combine Training
8785,Maximum Fit 12,freespecial,gyms,Pimple Gurav,pune,Group Activity,Fitness Studios,Combine Training
7446,OM Studio,paid,Fitness Studios,Shivaji Nagar,pune,Body Awareness Workshop,Fitness Studios,Combine Training
8882,Maxx Fitness Studio,free,Fitness Studios,C.V. Raman Nagar,bangalore,Combine Training,Fitness Studios,Combine Training
4073,Genesis,free,dance,Jaya Nagar,bangalore,Intense Fitness Conditioning Program,Fitness Studios,Combine Training
8948,Jazba Fitness Studio,free,Fitness Studios,Dwarka,delhi,Studio Membership,Fitness Studios,Combine Training
8949,Fun and Fit Aerobics and Dance Studio,free,Fitness Studios,Rohini,delhi,Studio Membership,Fitness Studios,Combine Training
6820,Prince FitOrbit,paid,Fitness Studios,Seawoods,mumbai,Teenagers Fitness and Dance,Fitness Studios,Combine Training
9044,Ample Fitness Studio,freespecial,Fitness Studios,Banashankari,bangalore,Combine Training,Fitness Studios,Combine Training
9054,Slim Fit Aerobics and Yoga Centre,free,Fitness Studios,Dwarka,delhi,Combined Training ( Power Yoga + Aerobics + Zumba ),Fitness Studios,Combine Training
9068,Forza Fitness,free,Fitness Studios,Malleshwaram,bangalore,Fitness Studio,Fitness Studios,Combine Training
9081,BMX Fitness,free,Fitness Studios,Basaveshwara Nagar,bangalore,Fitness Studio,Fitness Studios,Combine Training
9117,The Brother's Gym,freespecial,Fitness Studios,Krishna Nagar,delhi,Studio Membership,Fitness Studios,Combine Training
9146,Ck's Fitness Club,free,Fitness Studios,Wagholi,pune,Fitness Studio,Fitness Studios,Combine Training
5986,Cult The Workout Station,paid,Fitness Studios,Sarjapur Road,bangalore,Studio Membership,Fitness Studios,Combine Training
9150,Stylish Body Line,free,Fitness Studios,Dwarka,delhi,Fitness Studio,Fitness Studios,Combine Training
9151,New Fitness Trend,free,Fitness Studios,Ashok Vihar,delhi,Studio Membership,Fitness Studios,Combine Training
8937,The Room,paid,Fitness Studios,Shivaji Nagar,pune,Studio membership,Fitness Studios,Combine Training
9154,Satisfaction Gym,paid,gyms,Sector 23,gurgaon,Studio Membership,Fitness Studios,Combine Training
8937,The Room,paid,Fitness Studios,Shivaji Nagar,pune,Shape Express,Fitness Studios,Combine Training
8937,The Room,paid,Fitness Studios,Shivaji Nagar,pune,Suspension Training,Fitness Studios,Combine Training
8786,Maximum Fit,paid,gyms,Pimple Gurav,pune,Group Activities,Fitness Studios,Combine Training
9168,Quick Step Dance and Fitness Studio,free,Fitness Studios,Punjabi Bagh,delhi,Fitness Studio,Fitness Studios,Combine Training
2013,Pulse The Studio,cos,Fitness Studios,Camp,pune,Special 5 days workout,Fitness Studios,Combine Training
1803,Fiber Fitness,paid,gyms,Viman Nagar,pune,Power Combat,Fitness Studios,Combine Training
1803,Fiber Fitness,paid,gyms,Viman Nagar,pune,Muscle X,Fitness Studios,Combine Training
1803,Fiber Fitness,paid,gyms,Viman Nagar,pune,Athletics,Fitness Studios,Combine Training
9164,Hash Aerobics and Dance Studio,freespecial,gyms,Gujranwala,delhi,Dance Aerobics,Fitness Studios,Combine Training
9164,Hash Aerobics and Dance Studio,freespecial,gyms,Gujranwala,delhi,Pilates + Functional Training,Fitness Studios,Combine Training
9164,Hash Aerobics and Dance Studio,freespecial,gyms,Gujranwala,delhi,Pilates + Functional Training + Spinning,Fitness Studios,Combine Training
9164,Hash Aerobics and Dance Studio,freespecial,gyms,Gujranwala,delhi,Gymnastics,Fitness Studios,Combine Training
7584,Anjul's The Lifestyle Club,paid,Fitness Studios,Thane West,mumbai,Comine Training - Women,Fitness Studios,Combine Training
7584,Anjul's The Lifestyle Club,paid,Fitness Studios,Thane West,mumbai,Combine Training - Senior Citizens,Fitness Studios,Combine Training
7012,Her Fitness,paid,Fitness Studios,Rajouri Garden,delhi,Cardio Dance Moves,Fitness Studios,Combine Training
9274,Quest and Curves,free,Fitness Studios,Sector 37,noida,Studio Membership,Fitness Studios,Combine Training
4853,Dancercise Studio,cos,dance,CR Park,delhi,Studio Membership,Fitness Studios,Combine Training
8546,CrossFit BPC (TFF),paid,cross functional training,Goregaon West,mumbai,Gym Kids,Fitness Studios,Combine Training
8546,CrossFit BPC (TFF),paid,cross functional training,Goregaon West,mumbai,Gymnastics,Fitness Studios,Combine Training
8546,CrossFit BPC (TFF),paid,cross functional training,Goregaon West,mumbai,Body Analysis,Fitness Studios,Combine Training
8546,CrossFit BPC (TFF),paid,cross functional training,Goregaon West,mumbai,Piloxing,Fitness Studios,Combine Training
8546,CrossFit BPC (TFF),paid,cross functional training,Goregaon West,mumbai,Zumba,Fitness Studios,Combine Training
5313,LA Fitness - The Fitness Cult,paid,Fitness Studios,Ashok Vihar,delhi,Group Activity (Aerobics, Stepper Aerobics, Zumba, Pilates, Zumba + Circuit Training),Fitness Studios,Combine Training
6984,Chirayu The Fitness Hub,paid,Fitness Studios,Mulund West,mumbai,Yoga and Functional Training Combo,Fitness Studios,Combine Training
4581,Vivafit for ladies JP Nagar,paid,Fitness Studios,J P Nagar,bangalore,Sculpt,Fitness Studios,Combine Training
8987,Elite Pro Fitness and Combat Sports,paid,MMA and kick boxing,Bandra West,mumbai,Studio Pass,Fitness Studios,Combine Training
7318,Gurudev Natraj Studio,paid,Fitness Studios,Ghatkopar East,mumbai,Adults Dance ( Bollywood/HipHop/Contemporary/FreeStyle/Jazz ),Fitness Studios,Combine Training
6137,A Plus Studio,paid,Fitness Studios,Mulund West,mumbai,Workout For Special Population,Fitness Studios,Combine Training
5145,Studio 60 By Club XCell,paid,Fitness Studios,East Of Kailash,delhi,Weight Loss Challenge With Naresh,Fitness Studios,Combine Training
5145,Studio 60 By Club XCell,paid,Fitness Studios,East Of Kailash,delhi,Sexy Summer 60 Challenge with Zoe,Fitness Studios,Combine Training
5145,Studio 60 By Club XCell,paid,Fitness Studios,East Of Kailash,delhi,Weight Loss Challenge with Rajiv,Fitness Studios,Combine Training
5145,Studio 60 By Club XCell,paid,Fitness Studios,East Of Kailash,delhi,Flex 60,Fitness Studios,Combine Training
5145,Studio 60 By Club XCell,paid,Fitness Studios,East Of Kailash,delhi,PT Core,Fitness Studios,Combine Training
5145,Studio 60 By Club XCell,paid,Fitness Studios,East Of Kailash,delhi,PT Calisthenic,Fitness Studios,Combine Training
5145,Studio 60 By Club XCell,paid,Fitness Studios,East Of Kailash,delhi,Core 60,Fitness Studios,Combine Training
8843,Carnival Underground,cos,dance,Lajpat Nagar,delhi,Fitness Batch (Aerobics+Zumba+Cardio+Bollywood Bhangra),Fitness Studios,Combine Training
9335,The Culture Studio - Fitness,paid,Fitness Studios,Mulund West,mumbai,Studio Pass,Fitness Studios,Combine Training
1837,Fight Elite MMA,paid,MMA and kick boxing,Andheri West,mumbai,Mixed Martial Arts-Advance ,Fitness Studios,Combine Training
1806,Passion Fitness,paid,gyms,Aundh,pune,Cardio Kick Boxing,Fitness Studios,Combine Training
1806,Passion Fitness,paid,gyms,Aundh,pune,Circuit Training,Fitness Studios,Combine Training
1806,Passion Fitness,paid,gyms,Aundh,pune,TAG,Fitness Studios,Combine Training
1806,Passion Fitness,paid,gyms,Aundh,pune,FITNO - D,Fitness Studios,Combine Training
9365,Indus Fitness Edge,paid,gyms,Powai,mumbai,Combine Training (Zumba, Kickboxing, Bollywood Dance, Power Yoga) ,Fitness Studios,Combine Training
1677,The Soul Studio,paid,Fitness Studios,Lokhandwala,mumbai,Ladies Fitness,Fitness Studios,Combine Training
1677,The Soul Studio,paid,Fitness Studios,Lokhandwala,mumbai,Studio Pass,Fitness Studios,Combine Training
5148,Delhi Dance Academy,cos,dance,Lajpat Nagar,delhi,Gymnastics,Fitness Studios,Combine Training
5151,MPX Fitness,freespecial,gyms,Kalkaji,delhi,Combined Training,Fitness Studios,Combine Training
1623,Temperance,cos,Fitness Studios,Bandra West,mumbai,Body Sculpting by Mischeal,Fitness Studios,Combine Training
645,Yashraj Danz Tanz,paid,dance,Kandivali West,mumbai,Fitness Workout,Fitness Studios,Combine Training
5347,Get Fit Fitness Studio (Only for Ladies),paid,Fitness Studios,Dwarka,delhi,Studio Membership,Fitness Studios,Combine Training
6377,The Space,paid,Fitness Studios,Juhu,mumbai,Pound Fitness at Zumba with Priti,Fitness Studios,Combine Training
1677,The Soul Studio,paid,Fitness Studios,Lokhandwala,mumbai,Nishant's Fitness class,Fitness Studios,Combine Training
7438,The Square,paid,Fitness Studios,Powai,mumbai,Intensive Transformation program,Fitness Studios,Combine Training
6144,Fusion Workouts and Dance Lavina V Khanna,cos,Fitness Studios,Khar West,mumbai,Studio Membership,Fitness Studios,Combine Training
9389,Dr.Sana Khan's Body Opus,cos,Fitness Studios,Bandra West,mumbai,Body Opus Fitness Package,Fitness Studios,Combine Training
1968,Body Fuel,paid,gyms,Kothrud,pune,Cardio Kick Boxing,Fitness Studios,Combine Training
5102,Pioneer Gym,cos,gyms,Vivek Vihar,delhi,Classes At Home,Fitness Studios,Combine Training
6331,Sway For Dance,cos,dance,Patparganj,delhi,Fitness Class,Fitness Studios,Combine Training
6820,Prince FitOrbit,paid,Fitness Studios,Seawoods,mumbai,Adult Fitness at NRI Phase 2,Fitness Studios,Combine Training
2159,Pegasus Health Club,paid,Fitness Studios,Karvenagar,pune,Combine Training,Fitness Studios,Combine Training
7407,Your Fitness Club,paid,gyms,Tardeo,mumbai,Superhuman Studio Membership,Fitness Studios,Combine Training
2424,Myst Performing Arts,paid,dance,Deccan,pune,Fitness Workout,Fitness Studios,Combine Training
9412,Cult the workout station J P Nagar,paid,Fitness Studios,J P Nagar,bangalore,Studio Membership,Fitness Studios,Combine Training
6452,Physc Gym,paid,gyms,Kharghar,mumbai,Trunks and Cardio,Fitness Studios,Combine Training
217,Anjali Sahu,paid,yoga,Khar West,mumbai,Combined Workout,Fitness Studios,Combine Training
1518,Fitness Mania Studio (Ladies Studio),paid,Fitness Studios,Mulund West,mumbai,Studio Membership,Fitness Studios,Combine Training
1843,Absolute Fitness,cos,gyms,Baner,pune,Gym,Fitness Studios,Combine Training
1856,Urbounce Fitness,paid,gyms,Pashan,pune,High Five - Different Postures,Fitness Studios,Combine Training
1856,Urbounce Fitness,paid,gyms,Pashan,pune,Power Play - Core Strengthening and Endurance,Fitness Studios,Combine Training
7421,Sherwin Fitness Studio,free,Fitness Studios,Andheri East,mumbai,General Fitness Plan,Fitness Studios,Combine Training
1622,Mix n Match Dance Academy,paid,dance,Goregaon West,mumbai,Weight Loss Program for Men,Fitness Studios,Combine Training
1622,Mix n Match Dance Academy,paid,dance,Goregaon West,mumbai,Weight Loss Program for Women,Fitness Studios,Combine Training
8894,Ancient Arts -  My Inner Dimension,paid,Fitness Studios,Worli,mumbai,Gymnastics,Fitness Studios,Combine Training
9424,Shapers,paid,Fitness Studios,Ghatkopar East,mumbai,Kids Dance,Fitness Studios,Combine Training
9424,Shapers,paid,Fitness Studios,Ghatkopar East,mumbai,Shapefit,Fitness Studios,Combine Training
9424,Shapers,paid,Fitness Studios,Ghatkopar East,mumbai,Shapefit Special,Fitness Studios,Combine Training
6036,Moov n Groove,paid,Fitness Studios,Nerul,mumbai,Studio Pass,Fitness Studios,Combine Training
8546,CrossFit BPC (TFF),paid,cross functional training,Goregaon West,mumbai,Kids Gymnastics,Fitness Studios,Combine Training
9449,The Ultimate Ace Fitness,cos,Fitness Studios,Rajouri Garden,delhi,Studio Membership,Fitness Studios,Combine Training
9450,Studio Cal Burn Fitness Centre,cos,Fitness Studios,Janakpuri,delhi,Studio Membership,Fitness Studios,Combine Training
9452,Bliss Fitness,cos,Fitness Studios,Kamothe,mumbai,Fitness Program,Fitness Studios,Combine Training
9454,Hardcore Fitness,cos,Fitness Studios,Ashok Vihar,delhi,Studio Membership,Fitness Studios,Combine Training
4742,Arts In Motion,paid,Fitness Studios,Khar West,mumbai,Ultimate Workout,Fitness Studios,Combine Training
7635,Fitness Drive,paid,cross functional training,Khar West,mumbai,Fitness Evaluation,Fitness Studios,Combine Training
9450,Studio Cal Burn Fitness Centre,cos,Fitness Studios,Janakpuri,delhi,Personal Training,Fitness Studios,Combine Training
9396,Get Fit,paid,Fitness Studios,Rohini,delhi,Fitness Class (Yoga, Dance, Zumba, Aerobics),Fitness Studios,Combine Training
1623,Temperance,cos,Fitness Studios,Bandra West,mumbai,Fitness Culture - One Day Event (11/9/2016),Fitness Studios,Combine Training
7786,MaxBurn Fitness Studio,paid,Fitness Studios,Koramangala,bangalore,Studio Membership,Fitness Studios,Combine Training
5725,Body In Motion,cos,Fitness Studios,Domlur Layout,bangalore,Combine Workout,Fitness Studios,Combine Training
9470,Complete Fitness,free,Fitness Studios,Kamla Nagar,delhi,Studio Membership,Fitness Studios,Combine Training
5717,Dance Creators,freespecial,dance,Lajpat Nagar,delhi,Studio Membership,Fitness Studios,Combine Training
9471,Blue Cycling and Fitness,freespecial,Fitness Studios,Sector 18,noida,Cycling,Fitness Studios,Combine Training
9339,Figurine Fitness at Koramangala,paid,Fitness Studios,Koramangala,bangalore,Studio Membership,Fitness Studios,Combine Training
9473,Zero Gravity Fitness Lounge,freespecial,Fitness Studios,Vivek Vihar,delhi,Studio Membership,Fitness Studios,Combine Training
9475,Go Figure With Poorna,free,Fitness Studios,Santacruz East,mumbai,Yoga and Pilates + Zumba,Fitness Studios,Combine Training
8649,Vitality by Design,paid,Fitness Studios,Indiranagar,bangalore,Sports Conditioning,Fitness Studios,Combine Training
8649,Vitality by Design,paid,Fitness Studios,Indiranagar,bangalore,Active after 60 Program,Fitness Studios,Combine Training
8649,Vitality by Design,paid,Fitness Studios,Indiranagar,bangalore,Obesity/ Weight Loss Management Program,Fitness Studios,Combine Training
8728,WOW Fitness Club,freespecial,gyms,Katraj,pune,Group Activity,Fitness Studios,Combine Training
4044,Aero Fitness Center,paid,gyms,C.V. Raman Nagar,bangalore,Studio Membership,Fitness Studios,Combine Training
8728,WOW Fitness Club,freespecial,gyms,Katraj,pune,Circuit Training,Fitness Studios,Combine Training
8728,WOW Fitness Club,freespecial,gyms,Katraj,pune,ABS Workout,Fitness Studios,Combine Training
9483,Transformation 101,cos,Fitness Studios,Okhla,delhi,Studio Membership,Fitness Studios,Combine Training
9483,Transformation 101,cos,Fitness Studios,Okhla,delhi,Combat,Fitness Studios,Combine Training
9483,Transformation 101,cos,Fitness Studios,Okhla,delhi,Body Power,Fitness Studios,Combine Training
9483,Transformation 101,cos,Fitness Studios,Okhla,delhi,ABT (Abs Butt Thighs),Fitness Studios,Combine Training
6984,Chirayu The Fitness Hub,paid,Fitness Studios,Mulund West,mumbai,The Fi,Fitness Studios,Combine Training
6984,Chirayu The Fitness Hub,paid,Fitness Studios,Mulund West,mumbai,The Fit "ME" 3 months Transformation,Fitness Studios,Combine Training
616,SDWM Shirishs Dancing and Fitness Studio,paid,Fitness Studios,Juhu,mumbai,Vibrant 5,Fitness Studios,Combine Training
616,SDWM Shirishs Dancing and Fitness Studio,paid,Fitness Studios,Juhu,mumbai,Fusion Fitness,Fitness Studios,Combine Training
4581,Vivafit for ladies JP Nagar,paid,Fitness Studios,J P Nagar,bangalore,Studio Membership,Fitness Studios,Combine Training
7012,Her Fitness,paid,Fitness Studios,Rajouri Garden,delhi,Weight Training,Fitness Studios,Combine Training
6406,The Seventh Sense,free,yoga,Charni Road,mumbai,Laban Movement,Fitness Studios,Combine Training
6406,The Seventh Sense,free,yoga,Charni Road,mumbai,Sam-Feldenkrais Method,Fitness Studios,Combine Training
6406,The Seventh Sense,free,yoga,Charni Road,mumbai,Dynamic Pair Day,Fitness Studios,Combine Training
6406,The Seventh Sense,free,yoga,Charni Road,mumbai,Awareness Through Body,Fitness Studios,Combine Training
6406,The Seventh Sense,free,yoga,Charni Road,mumbai,Cycling Sundays,Fitness Studios,Combine Training
6406,The Seventh Sense,free,yoga,Charni Road,mumbai,Qi Gong,Fitness Studios,Combine Training
6406,The Seventh Sense,free,yoga,Charni Road,mumbai,Axes And Pivots,Fitness Studios,Combine Training
6406,The Seventh Sense,free,yoga,Charni Road,mumbai,Axis And Pivots - Advanced,Fitness Studios,Combine Training
6406,The Seventh Sense,free,yoga,Charni Road,mumbai,Axis And Pivots - Hormonal Balance,Fitness Studios,Combine Training
6406,The Seventh Sense,free,yoga,Charni Road,mumbai,Kinetics and Core Control,Fitness Studios,Combine Training
6406,The Seventh Sense,free,yoga,Charni Road,mumbai,UNLIMITED PLAN,Fitness Studios,Combine Training
6213,Fitness Groovee,paid,Fitness Studios,Pitampura,delhi,Fitness Class,Fitness Studios,Combine Training
1219,Get Fit With Tabi,paid,zumba,Mulund West,mumbai,S3 With Calvin - Sweat, Sculpt, Shred,Fitness Studios,Combine Training
7878,The Freakout Garage,paid,Fitness Studios,Prabhadevi,mumbai,Fitgasm,Fitness Studios,Combine Training
3382,Studio One Eighty Nine- By BreakBeat Dance Co.,paid,Fitness Studios,Tardeo,mumbai,Fitgasm,Fitness Studios,Combine Training
9516,Heeaatz Complete Fitness,freespecial,gyms,Sohna Road,gurgaon,Hi-Lo,Fitness Studios,Combine Training
9568,Fitness4U,cos,Fitness Studios,Andheri East,mumbai,Bootcamp and Circuit Training,Fitness Studios,Combine Training
9568,Fitness4U,cos,Fitness Studios,Andheri East,mumbai,Studio Membership,Fitness Studios,Combine Training
7002,2 B Fit,freespecial,gyms,Wanowrie,pune,Gym + Crossfit,Fitness Studios,Combine Training
9575,Transcend Holistic Fitness L.L.P.,paid,Fitness Studios,Prabhadevi,mumbai,Studio Membership,Fitness Studios,Combine Training
9575,Transcend Holistic Fitness L.L.P.,paid,Fitness Studios,Prabhadevi,mumbai,Boot Camp,Fitness Studios,Combine Training
9575,Transcend Holistic Fitness L.L.P.,paid,Fitness Studios,Prabhadevi,mumbai,Calisthenics,Fitness Studios,Combine Training
329,Integym,paid,gyms,Colaba,mumbai,Dream Fitness with Madhuri Ruia,Fitness Studios,Combine Training
4122,Lis Arcade,free,dance,BTM Layout,bangalore,Fitness Studio - Aerobics, Zumba, Crossfit,Fitness Studios,Combine Training
4122,Lis Arcade,free,dance,BTM Layout,bangalore,Fitness Studio for Ladies- Aerobics, Zumba, Crossfit,Fitness Studios,Combine Training
9378,Hybrid Fitness,paid,Fitness Studios,Versova,mumbai,Parkour,Fitness Studios,Combine Training
4258,Outlaw Dance Studio,freespecial,dance,Koramangala,bangalore,Aerobics, Zumba, Crossfit,Fitness Studios,Combine Training
4350,Agni Steps Dance Academy,cos,dance,Yelahanka,bangalore,Gymnastics,Fitness Studios,Combine Training
9468,Arunn Rathinam's Dance Studio,cos,Fitness Studios,Thippasandra,bangalore,Aerobics, Zumba, Yoga,Fitness Studios,Combine Training
9587,CurveStrength Fitness Studio,free,Fitness Studios,Goregaon East,mumbai,Personal Training,Fitness Studios,Combine Training
9589,Cult The Workout Station HSR Layout,paid,Fitness Studios,HSR Layout,bangalore,Studio Membership,Fitness Studios,Combine Training
2818,Arts in Motion,paid,Fitness Studios,Sion,mumbai,Djembe,Fitness Studios,Combine Training
6155,Showoff Gym,freespecial,gyms,Kasturi Nagar,bangalore,Weight Loss Programme,Fitness Studios,Combine Training
4607,Nivesaa,paid,Fitness Studios,Indiranagar,bangalore,Studio Membership,Fitness Studios,Combine Training
7356,The Gym Health Planet,freespecial,gyms,Dwarka,delhi,Power Yoga + Aerobics + Zumba,Fitness Studios,Combine Training
4050,Studio Caadencia,freespecial,Fitness Studios,J P Nagar,bangalore,Fitness Hour,Fitness Studios,Combine Training
9515,Outperform Fitness,free,Fitness Studios,Vasanth Nagar,bangalore,Group session,Fitness Studios,Combine Training
9515,Outperform Fitness,free,Fitness Studios,Vasanth Nagar,bangalore,Semi personal,Fitness Studios,Combine Training
9605,Fit For Life Sports Training Center,paid,Fitness Studios,Juhu,mumbai,Combine Training (Personal Training),Fitness Studios,Combine Training
9605,Fit For Life Sports Training Center,paid,Fitness Studios,Juhu,mumbai,Combine Training (Group Training),Fitness Studios,Combine Training
9611,True Fitness,free,Fitness Studios,Mahadevapura,bangalore,Group session,Fitness Studios,Combine Training
424,JG's Fitness Centre,paid,Fitness Studios,Santacruz West,mumbai,Senior Fitness,Fitness Studios,Combine Training
3006,Tone Up With Props With Richa Wig,paid,zumba,Chembur East,mumbai,Tone Up With Props At Amar Residency,Fitness Studios,Combine Training
6907,Fusion Yoga,paid,yoga,Bandra West,mumbai,Studio Membership,Fitness Studios,Combine Training
823,Xersize (Ladies),paid,gyms,Vile Parle West,mumbai,Fusion Fitness,Fitness Studios,Combine Training
3382,Studio One Eighty Nine- By BreakBeat Dance Co.,paid,Fitness Studios,Tardeo,mumbai,Studio Membership,Fitness Studios,Combine Training
138,Frequencee,cos,Fitness Studios,Hughes Road,mumbai,Studio Membership,Fitness Studios,Combine Training
7389,Transform Gym,cos,gyms,Gujranwala,delhi,Crush Cardio,Fitness Studios,Combine Training
7389,Transform Gym,cos,gyms,Gujranwala,delhi,Crush Club,Fitness Studios,Combine Training
9477,Rawfit,paid,MMA and kick boxing,Greater Kailash 1,delhi,Studio Membership,Fitness Studios,Combine Training
1414,Fit and fight club India,paid,MMA and kick boxing,Seawoods,mumbai,Studio Membership,Fitness Studios,Combine Training
823,Xersize (Ladies),paid,gyms,Vile Parle West,mumbai,Free Seminar,Fitness Studios,Combine Training
3859,Blue Dragon Mixed Martial Arts Academy,cos,MMA and kick boxing,BTM Layout,bangalore,Weight Loss Programme,Fitness Studios,Combine Training
4142,Nitrro Bespoke Fitness,paid,gyms,Breach Candy,mumbai,Group X Activities,Fitness Studios,Combine Training
4902,The Revolution,freespecial,gyms,Dilshad Garden,delhi,Steam + Sauna,Fitness Studios,Combine Training
5634,Goodways Fitness,cos,gyms,Geeta Colony,delhi,Scientific Workout without Machines For Men,Fitness Studios,Combine Training
9912,Transformation 101 - Amar Colony,cos,Fitness Studios,Lajpat Nagar,delhi,Studio Membership,Fitness Studios,Combine Training
6905,The Gym Club,paid,gyms,Sector 30,gurgaon,Core,Fitness Studios,Combine Training
6905,The Gym Club,paid,gyms,Sector 30,gurgaon,ABT,Fitness Studios,Combine Training
6905,The Gym Club,paid,gyms,Sector 30,gurgaon,Fat Burning,Fitness Studios,Combine Training
9928,Sporthood,paid,Fitness Studios,HSR Layout,bangalore,Football,Fitness Studios,Combine Training
9933,Just Knock 4 Dance Fitness and Event Company,paid,Fitness Studios,Aundh,pune,Fitness Class,Fitness Studios,Combine Training
9928,Sporthood,paid,Fitness Studios,HSR Layout,bangalore,Badminton,Fitness Studios,Combine Training
7314,Just Knock 4 Dance,paid,dance,Pimpri,pune,Fitness Package,Fitness Studios,Combine Training
9933,Just Knock 4 Dance Fitness and Event Company,paid,Fitness Studios,Aundh,pune,Personal Training,Fitness Studios,Combine Training
9934,Just Knock 4 Dance Fitness and Event Company,paid,Fitness Studios,Wakad,pune,Fitness Package,Fitness Studios,Combine Training
2132,Status Health Club,paid,gyms,Deccan,pune,Executive Membership,Fitness Studios,Combine Training
9922,Zorba - Yoga, Fitness & Beyond (Vile Parle),paid,Fitness Studios,Vile Parle East,mumbai,Combine Training,Fitness Studios,Combine Training
5655,Unleash Fitness,paid,Fitness Studios,BTM Layout,bangalore,121 Day Unleash Transformation,Fitness Studios,Combine Training
1673,The Wooden Stage,paid,Fitness Studios,Vile Parle West,mumbai,Floor Gymnastics (Adults),Fitness Studios,Combine Training
1673,The Wooden Stage,paid,Fitness Studios,Vile Parle West,mumbai,Aerial + Floor Gymnastics,Fitness Studios,Combine Training
9974,The Battlefield,paid,Fitness Studios,Chattarpur,delhi,Studio Membership,Fitness Studios,Combine Training
8763,Studio GX,paid,cross functional training,DLF Phase 2,gurgaon,Studio Membership,Fitness Studios,Combine Training
10006,F2 Fitness,free,gyms,Khar West,mumbai,Gym Workouts,Fitness Studios,Combine Training
3856,The Phoenix Dance Studio,paid,Fitness Studios,Chembur East,mumbai,Fitness Program,Fitness Studios,Combine Training
1673,The Wooden Stage,paid,Fitness Studios,Vile Parle West,mumbai,Dr Prachi's Fitness Class,Fitness Studios,Combine Training
9378,Hybrid Fitness,paid,Fitness Studios,Versova,mumbai,Zumba + Mixed Martial Arts,Fitness Studios,Combine Training
2140,Callipygian Gym,paid,gyms,Aundh,pune,Piloxing,Fitness Studios,Combine Training
7878,The Freakout Garage,paid,Fitness Studios,Prabhadevi,mumbai,Aerial Hoop,Fitness Studios,Combine Training
7878,The Freakout Garage,paid,Fitness Studios,Prabhadevi,mumbai,Combine Package- Zumba + Pilates,Fitness Studios,Combine Training
7878,The Freakout Garage,paid,Fitness Studios,Prabhadevi,mumbai,Combine Package- Yoga+ Zumba,Fitness Studios,Combine Training
7878,The Freakout Garage,paid,Fitness Studios,Prabhadevi,mumbai,Combine Package- Yoga + Zumba + Piloxing,Fitness Studios,Combine Training
7878,The Freakout Garage,paid,Fitness Studios,Prabhadevi,mumbai,Combine Package- Zumba + Masala Bhangra/Bollyfit + Pilates,Fitness Studios,Combine Training
1884,Art 4 Fun Recreation Hub,paid,Fitness Studios,Aundh,pune,Therapy Session with Yoga and Pilates,Fitness Studios,Combine Training
10120,Apple Fitness,Kalyan Nagar,freespecial,gyms,Kalyan Nagar,bangalore,Group Activities,Fitness Studios,Combine Training
10076,Kaizen's Wellness and Fitness Club At Pimple Nilakh,paid,gyms,Pimple Nilakh,pune,Bokwa/Zumba,Fitness Studios,Combine Training
7029,Target Fitness,paid,Fitness Studios,BEL Road,bangalore,Strength Training,Fitness Studios,Combine Training
4041,GROUP EX FITNESS CLUB,paid,Fitness Studios,R.T. Nagar,bangalore,Fusion Fit,Fitness Studios,Combine Training
10245,GoFitness Academy,paid,Fitness Studios,Janakpuri,delhi,Studio Membership,Fitness Studios,Combine Training
9346,The Fitness Hub,paid,gyms,Saket,delhi,Fitness Assessment,Fitness Studios,Combine Training
4032,Socio Fitness,paid,Fitness Studios,Jaya Nagar,bangalore,Studio Membership,Fitness Studios,Combine Training
1242,Arpitas Step Up India,paid,Fitness Studios,Vile Parle East,mumbai,Studio Membership,Fitness Studios,Combine Training
10439,Jashn e Fitness (Basavanagudi),free,Fitness Studios,Basavanagudi,bangalore,Mixed Workout,Fitness Studios,Combine Training
10477,Grid FTX,paid,Fitness Studios,Bellandur,bangalore,Studio Membership,Fitness Studios,Combine Training
10478,Rush Madras - Arena and Sports Venue,freespecial,sports,Default City,default city,Badminton,Fitness Studios,Combine Training
10480,Fit in Box,freespecial,Fitness Studios,Ghansoli,mumbai,Fit in Box,Fitness Studios,Combine Training
10485,Zumba with Aakriti Chhabra,paid,Fitness Studios,Kandivali East,mumbai,Zumba + Functional Training,Fitness Studios,Combine Training
6910,Slim Fitness Wheel,paid,Fitness Studios,Khar West,mumbai,Combo Workout,Fitness Studios,Combine Training
452,Creative Roller Skating Club,free,sports,Malad West,mumbai,Roller Skating,Fitness Studios,Combine Training
453,JBS Roller Skating Club,free,sports,Chembur East,mumbai,Roller Skating,Fitness Studios,Combine Training
10495,Kinetic Living : Fitness and Wellness 'BOOT'ique,freespecial,Fitness Studios,Khar West,mumbai,Studio Membership,Fitness Studios,Combine Training
10495,Kinetic Living : Fitness and Wellness 'BOOT'ique,freespecial,Fitness Studios,Khar West,mumbai,CLAY : Stretch And Prehab,Fitness Studios,Combine Training
10495,Kinetic Living : Fitness and Wellness 'BOOT'ique,freespecial,Fitness Studios,Khar West,mumbai,Unstoppable : Endurance,Fitness Studios,Combine Training
4981,Physio Flex Gym,free,gyms,Pitampura,delhi,Personal Training,Fitness Studios,Combine Training
10514,Cult The Workout Station Koramangala,paid,Fitness Studios,Koramangala,bangalore,Studio Membership,Fitness Studios,Combine Training
10514,Cult The Workout Station Koramangala,paid,Fitness Studios,Koramangala,bangalore,Studio Membership,Fitness Studios,Combine Training
10508,Sufi's Fitness,cos,Fitness Studios,Mumbai Central,mumbai,Freehand Exercises,Fitness Studios,Combine Training
6141,The Body Works Gym Koramangala,freespecial,gyms,Koramangala,bangalore,Group Activity,Fitness Studios,Combine Training
10508,Sufi's Fitness,cos,Fitness Studios,Mumbai Central,mumbai,Studio Membership,Fitness Studios,Combine Training
10554,Sporthood,paid,Fitness Studios,HSR Layout,bangalore,badminton,Fitness Studios,Combine Training
10554,Sporthood,paid,Fitness Studios,HSR Layout,bangalore,Football,Fitness Studios,Combine Training
10557,Sporthood Sarjapur,paid,Fitness Studios,Sarjapur Road,bangalore,Studio Membership,Fitness Studios,Combine Training
10557,Sporthood Sarjapur,paid,Fitness Studios,Sarjapur Road,bangalore,Football,Fitness Studios,Combine Training
10557,Sporthood Sarjapur,paid,Fitness Studios,Sarjapur Road,bangalore,Football,Fitness Studios,Combine Training
10557,Sporthood Sarjapur,paid,Fitness Studios,Sarjapur Road,bangalore,Badminton,Fitness Studios,Combine Training
10575,Sporthood Kasavanahalli,paid,Fitness Studios,Sarjapur Road,bangalore,Studio Membership,Fitness Studios,Combine Training
10575,Sporthood Kasavanahalli,paid,Fitness Studios,Sarjapur Road,bangalore,Football,Fitness Studios,Combine Training
10575,Sporthood Kasavanahalli,paid,Fitness Studios,Sarjapur Road,bangalore,Badminton,Fitness Studios,Combine Training
10575,Sporthood Kasavanahalli,paid,Fitness Studios,Sarjapur Road,bangalore,Badminton,Fitness Studios,Combine Training
10577,Sporthood Marathahalli,paid,Fitness Studios,Marathahalli,bangalore,Studio Membership,Fitness Studios,Combine Training
10577,Sporthood Marathahalli,paid,Fitness Studios,Marathahalli,bangalore,Badminton,Fitness Studios,Combine Training
10577,Sporthood Marathahalli,paid,Fitness Studios,Marathahalli,bangalore,Football,Fitness Studios,Combine Training
10582,Sporthood Electronic City,paid,Fitness Studios,Electronics City,bangalore,Studio Membership,Fitness Studios,Combine Training
10582,Sporthood Electronic City,paid,Fitness Studios,Electronics City,bangalore,Football,Fitness Studios,Combine Training
10582,Sporthood Electronic City,paid,Fitness Studios,Electronics City,bangalore,Badminton,Fitness Studios,Combine Training
10586,Sporthood BTM Layout,paid,Fitness Studios,BTM Layout,bangalore,Studio Membership,Fitness Studios,Combine Training
10586,Sporthood BTM Layout,paid,Fitness Studios,BTM Layout,bangalore,Badminton,Fitness Studios,Combine Training
10586,Sporthood BTM Layout,paid,Fitness Studios,BTM Layout,bangalore,Football,Fitness Studios,Combine Training
9386,Core Fitness,cos,gyms,Hadapsar,pune,Fit Fun and Fab (Apurva),Fitness Studios,Combine Training
10593,Genesis Fitness Forum,freespecial,dance,Jaya Nagar,bangalore,Intensive Fitness Core Program,Fitness Studios,Combine Training
9386,Core Fitness,cos,gyms,Hadapsar,pune,Dance, Tone and Core,Fitness Studios,Combine Training
10594,Nutriifit - The Breakfast Hub,cos,Fitness Studios,Dadar,mumbai,Studio Membership,Fitness Studios,Combine Training
2067,Squats Fitness Center,freespecial,gyms,Satara Road,pune,Shape Up,Fitness Studios,Combine Training
9144,Reshape Fitness,freespecial,gyms,Deccan,pune,Group Activities,Fitness Studios,Combine Training
10344,Equilibrium Climbing Station,cos,cross functional training,Indiranagar,bangalore,Climbing,Fitness Studios,Combine Training
10627,24 Fit Club,free,Fitness Studios,Mathikere,bangalore,24 Fit Club,Fitness Studios,Combine Training
10628,Diamond Body Gym,free,Fitness Studios,Sahakara Nagar,bangalore,Diamond Body gym,Fitness Studios,Combine Training
10645,Recon Fitness,free,Fitness Studios,Hebbal,bangalore,Recon Fitness,Fitness Studios,Combine Training
10679,Freeze It,free,Fitness Studios,Uttarahalli,bangalore,Freeze It,Fitness Studios,Combine Training
10695,Shreekala kulteera Dance Academy,free,Fitness Studios,Kadugodi,bangalore,Shreekala kulteera Dance Academy,Fitness Studios,Combine Training
4185,New U Fitness,paid,gyms,Sarjapur Road,bangalore,Group Activities,Fitness Studios,Combine Training
8021,Nrityada,paid,dance,Charni Road,mumbai,Studio Membership,Fitness Studios,Combine Training
10757,Steppers Do The Steps,cos,Fitness Studios,Old Rajendra Nagar,delhi,Combination Workout (Aerobics+Power Yoga+Cardio+Pilates+Strength Training+Weight Training+Pilates+Zumba),Fitness Studios,Combine Training
10754,Enerjuvate Studio,cos,Fitness Studios,Jaya Nagar,bangalore,Kalaripayattu & Contemporary Dance For Kids,Fitness Studios,Combine Training
10754,Enerjuvate Studio,cos,Fitness Studios,Jaya Nagar,bangalore,Kalaripayattu & Contemporary Dance For Kids,Fitness Studios,Combine Training
10757,Steppers Do The Steps,cos,Fitness Studios,Old Rajendra Nagar,delhi,Personal Training,Fitness Studios,Combine Training
10806,The Fitter You,paid,Fitness Studios,DLF Phase 4,gurgaon,Zumba + Bollywood,Fitness Studios,Combine Training
10245,GoFitness Academy,paid,Fitness Studios,Janakpuri,delhi,Personal Training,Fitness Studios,Combine Training
9493,Dance Central,cos,dance,Paharganj,delhi,Personal Training,Fitness Studios,Combine Training
10904,Lakshya Feminine Point,free,Fitness Studios,Malviya Nagar,delhi,Lakshya Feminine Point,Fitness Studios,Combine Training
9163,True Gym and Spa,cos,gyms,Shalimar Bagh,delhi,Ladies Batch,Fitness Studios,Combine Training
10937,Dance Central,freespecial,dance,Krishna Nagar,delhi,Personal Training,Fitness Studios,Combine Training
7130,Fitness Club,cos,gyms,Sector 56,gurgaon,Personal Training,Fitness Studios,Combine Training
5769,Momentum Fitness Point,paid,gyms,Green Park,delhi,Personal Training,Fitness Studios,Combine Training
10689,RK Rhythmic Waves,cos,dance,Ashok Vihar,delhi,Aerobics + Zumba,Fitness Studios,Combine Training
10957,FORZA Fitness Studio,paid,Fitness Studios,Old Rajendra Nagar,delhi,Personal Training,Fitness Studios,Combine Training
4999,Spartan Gym,freespecial,gyms,Mayur Vihar Phase 1,delhi,Personal Training,Fitness Studios,Combine Training
10957,FORZA Fitness Studio,paid,Fitness Studios,Old Rajendra Nagar,delhi,Studio Membership,Fitness Studios,Combine Training
7359,Vivafit (Women Only),cos,Fitness Studios,Greater Kailash 2,delhi,Personal Training,Fitness Studios,Combine Training
6894,Vivafit (Women Only),cos,Fitness Studios,DLF Phase 4,gurgaon,Personal Training,Fitness Studios,Combine Training
7375,Vivafit (Women Only),cos,Fitness Studios,Sector 45,gurgaon,Personal Training,Fitness Studios,Combine Training
10964,Chisel Fitness  Centre,free,yoga,Sanjay Nagar,bangalore,Yoga+ Zumba+ Body Combat,Fitness Studios,Combine Training
10344,Equilibrium Climbing Station,cos,cross functional training,Indiranagar,bangalore,Summer Camp,Fitness Studios,Combine Training
3191,Finix Fitness Studio,paid,gyms,Jeevan Bheema Nagar,bangalore,Gym + Aerobics + FMC,Fitness Studios,Combine Training
5647,Skeleton Dance Crew,cos,dance,Ramesh Nagar,delhi,Personal Training,Fitness Studios,Combine Training
9529,NM Holistic and Wellness Centre,paid,yoga,Connaught Place,delhi,21 Days Fat Belly Program,Fitness Studios,Combine Training
9529,NM Holistic and Wellness Centre,paid,yoga,Connaught Place,delhi,21 Days Flat Belly Program,Fitness Studios,Combine Training
7870,Crush Fitness at NM Holistic and Wellness Centre,paid,dance,Connaught Place,delhi,21 Days Flat Belly Program,Fitness Studios,Combine Training
10953,Anytime Fitness Rohini,paid,gyms,Rohini,delhi,Aerobics + ABT,Fitness Studios,Combine Training
4034,Spedals Fitness Center,paid,spinning and indoor cycling,Koramangala,bangalore,Studio Membership,Fitness Studios,Combine Training
7013,Her Fitness,paid,Fitness Studios,Vikaspuri,delhi,Ultimate Fitness Class,Fitness Studios,Combine Training
3191,Finix Fitness Studio,paid,gyms,Jeevan Bheema Nagar,bangalore,Fitness Mutant Club (FMC),Fitness Studios,Combine Training
10987,Her Fitness,paid,Fitness Studios,Punjabi Bagh,delhi,Studio Membership,Fitness Studios,Combine Training
10987,Her Fitness,paid,Fitness Studios,Punjabi Bagh,delhi,Ultimate Fitness Class,Fitness Studios,Combine Training
1518,Fitness Mania Studio (Ladies Studio),paid,Fitness Studios,Mulund West,mumbai,Kick Box/ Aerobics/ Bands & Ball,Fitness Studios,Combine Training
1518,Fitness Mania Studio (Ladies Studio),paid,Fitness Studios,Mulund West,mumbai,Functional/Circuit/HIIT/Tabata,Fitness Studios,Combine Training
1518,Fitness Mania Studio (Ladies Studio),paid,Fitness Studios,Mulund West,mumbai,Pound Fitness,Fitness Studios,Combine Training
988,Miles With Giles,paid,marathon training,Juhu,mumbai,Fitness Class at Bandra,Fitness Studios,Combine Training
4486,The Body Works Gym,freespecial,gyms,Jeevan Bheema Nagar,bangalore,Group Activity,Fitness Studios,Combine Training
4486,The Body Works Gym,freespecial,gyms,Jeevan Bheema Nagar,bangalore,Aerobics For Kids,Fitness Studios,Combine Training
4486,The Body Works Gym,freespecial,gyms,Jeevan Bheema Nagar,bangalore,Gym + Group Activity,Fitness Studios,Combine Training
6377,The Space,paid,Fitness Studios,Juhu,mumbai,Hula Hoop Workshop by Swati Shah,Fitness Studios,Combine Training
7384,Missing Peace,freespecial,Fitness Studios,Old Rajendra Nagar,delhi,Studio Membership,Fitness Studios,Combine Training
1230,Riaz Zumba Classes,cos,Fitness Studios,Chembur East,mumbai,Studio Membership,Fitness Studios,Combine Training
11044,Passionate Dance and Fitness Centre,cos,Fitness Studios,Rohini,delhi,Dance + Aerobics (Ladies Batch),Fitness Studios,Combine Training
11048,Banwic Gym,cos,gyms,Janakpuri,delhi,Gym + Fitness Activities,Fitness Studios,Combine Training
7335,Anytime Fitness at Greater Kailash II,paid,gyms,Greater Kailash 2,delhi,Group X Activities,Fitness Studios,Combine Training
5084,Paipa Pradeep Adwanis Institute For Performing Art,cos,dance,Lajpat Nagar,delhi,Summer Camp (3 to 12 Years),Fitness Studios,Combine Training
6756,Indian Dance Academy,cos,dance,Surya Vihar,gurgaon,Summer Camp (3 to 15 Years),Fitness Studios,Combine Training
7154,Talent Club,freespecial,dance,Anand Vihar,delhi,Summer Camp,Fitness Studios,Combine Training
6768,Indian Dance Academy,cos,dance,Sector 57,gurgaon,Summer Camp (3 to 15 Years),Fitness Studios,Combine Training
5545,Two Step Dance and Aerobics Academy,cos,dance,Rohini,delhi,Summer Camp,Fitness Studios,Combine Training
10991,Trinity The Dance Hub,cos,dance,Shalimar Bagh,delhi,Fitness Package,Fitness Studios,Combine Training
10991,Trinity The Dance Hub,cos,dance,Shalimar Bagh,delhi,Summer Camp,Fitness Studios,Combine Training
10991,Trinity The Dance Hub,cos,dance,Shalimar Bagh,delhi,Personal Training,Fitness Studios,Combine Training
10991,Trinity The Dance Hub,cos,dance,Shalimar Bagh,delhi,Personal Training at Home,Fitness Studios,Combine Training
10991,Trinity The Dance Hub,cos,dance,Shalimar Bagh,delhi,Studio Membership,Fitness Studios,Combine Training
11111,Paddle Into Fitness The Gym,cos,gyms,Paschim Vihar,delhi,Group Activity,Fitness Studios,Combine Training
11111,Paddle Into Fitness The Gym,cos,gyms,Paschim Vihar,delhi,Abs Butts Thighs,Fitness Studios,Combine Training
10973,The Square Gym,cos,gyms,Ghatkopar West,mumbai,CHCF,Fitness Studios,Combine Training
11133,Clique Studio,cos,Fitness Studios,South Ex Part 1,delhi,Studio Membership,Fitness Studios,Combine Training
11133,Clique Studio,cos,Fitness Studios,South Ex Part 1,delhi,Personal Training,Fitness Studios,Combine Training
4261,Shadows dance studio,freespecial,dance,Padmanabhanagar,bangalore,Fitness Workout,Fitness Studios,Combine Training
4261,Shadows dance studio,freespecial,dance,Padmanabhanagar,bangalore,Fitness Workout,Fitness Studios,Combine Training
11138,Play Fitness Sector 49,paid,Fitness Studios,Sector 50,gurgaon,Studio Membership,Fitness Studios,Combine Training
10845,Natraj The Health Station,free,Fitness Studios,Pitampura,delhi,Studio Membership,Fitness Studios,Combine Training
10849,Reena Thapars Fitness Mantra,free,Fitness Studios,Lajpat Nagar,delhi,Cardio Power Strength,Fitness Studios,Combine Training
4524,Pretty Women Fitness Center,cos,zumba,Basaveshwara Nagar,bangalore,Cardio + Aerobics,Fitness Studios,Combine Training
10871,G10 Fusion,free,Fitness Studios,Paschim Vihar,delhi,Personal Training,Fitness Studios,Combine Training
10871,G10 Fusion,free,Fitness Studios,Paschim Vihar,delhi,Studio Membership,Fitness Studios,Combine Training
5865,KALAKRITI FOUNDATION,free,Fitness Studios,Preet Vihar,delhi,Studio Membership,Fitness Studios,Combine Training
11151,Challengers Gym,cos,gyms,Jamia Nagar,delhi,Kick Boxing + Functional Training,Fitness Studios,Combine Training
11155,Dance For Fitness,cos,dance,Janakpuri,delhi,Studio Membership,Fitness Studios,Combine Training
3350,Zela - Marathahalli,paid,gyms,Marathahalli,bangalore,Fit Ball Pilates,Fitness Studios,Combine Training
3350,Zela - Marathahalli,paid,gyms,Marathahalli,bangalore,Kettle Ball,Fitness Studios,Combine Training
3350,Zela - Marathahalli,paid,gyms,Marathahalli,bangalore,Body Balance,Fitness Studios,Combine Training
3350,Zela - Marathahalli,paid,gyms,Marathahalli,bangalore,Indoor Cycling,Fitness Studios,Combine Training
3350,Zela - Marathahalli,paid,gyms,Marathahalli,bangalore,Cardio Step Burn,Fitness Studios,Combine Training
5540,Sai Dance & Fitness Center,cos,dance,Rohini,delhi,Studio Membership,Fitness Studios,Combine Training
5540,Sai Dance & Fitness Center,cos,dance,Rohini,delhi,Personal Training,Fitness Studios,Combine Training
11177,V Fitness Studio,cos,Fitness Studios,Paschim Vihar,delhi,Studio Membership,Fitness Studios,Combine Training
11177,V Fitness Studio,cos,Fitness Studios,Paschim Vihar,delhi,Personal Training,Fitness Studios,Combine Training
11014,Attitude Dance and Aerobics Studio,cos,dance,Jamia Nagar,delhi,Personal Training,Fitness Studios,Combine Training
10766,Way fitness Academy,free,Fitness Studios,Sector 50,noida,Studio Membership,Fitness Studios,Combine Training
11200,Slim Fit,cos,dance,Rohini,delhi,Tummy Tuck Massage,Fitness Studios,Combine Training
11215,Fitness Temple Gym,cos,gyms,Rohini,delhi,Gym Workout + Aerobics,Fitness Studios,Combine Training
4034,Spedals Fitness Center,paid,spinning and indoor cycling,Koramangala,bangalore,Dan's Cardio Therapy,Fitness Studios,Combine Training
